{"SystemDetails":{"CNVerson":"20.45.01.14","DisplayIDs":[{"Index":12,"Key":"127934"},{"Index":15,"Key":"141989"}],"GPUIDs":[{"AutoDefault":0,"Index":256,"Key":"67DFE7C5801682E7015.050.002.001","OD8AdvancedControl":0,"ODNComponentControl":2}],"GUID":"0090045EC5DC"},"Глобальные настройки":[{"ComponentID":161,"ComponentKey":"67DFE7C5801682E7015.050.002.001","Settings":[{"Name":"Десятибитный формат пикселей","State":0,"Value":""}]},{"ComponentID":4,"ComponentKey":"0090045EC5DC","Settings":[]},{"ComponentID":7,"ComponentKey":"67DFE7C5801682E7015.050.002.001","Settings":[{"Name":"ASD","Value":"0"},{"Name":"VSyncControl","Value":"1"},{"Name":"MVPU","Value":""},{"Name":"Tessellation","Value":"64"},{"Name":"AnisoType","Value":"0"},{"Name":"Tessellation_OPTION","Value":"0"},{"Name":"AntiAliasSamples","Value":"0"},{"Name":"TurboSync","Value":"0"},{"Name":"ASE","Value":"0"},{"Name":"EQAA","Value":"0"},{"Name":"EnableTripleBuffering","Value":"0"},{"Name":"TFQ","Value":"1"},{"Name":"MLF","Value":"0"},{"Name":"ShaderCache","Value":"1"},{"Name":"AnisoDegree","Value":"0"},{"Name":"ASTT","Value":"0"},{"Name":"AntiAlias","Value":"1"},{"Name":"SurfaceFormatReplacements","Value":"1"},{"ID":0,"Name":"Radeon™ Anti-Lag","Value":0},{"ID":1,"Name":"Radeon™ Chill","SubSettings":[{"Name":"Toggle","Value":"0"},{"Name":"Min FPS","Value":"75"},{"Name":"Max FPS","Value":"140"}],"Value":""},{"ID":2,"Name":"Radeon™ Boost","State":0,"Value":50},{"ID":3,"Name":"Коррекция изображения Radeon™","State":0,"Value":80}]}],"Глобальный Wattman":[{"ComponentID":5,"ComponentKey":"67DFE7C5801682E7015.050.002.001","Settings":[{"ID":12,"Name":"VOLTAGE_GPUCLOCK_ABS","State":0,"SubSettings":[{"Name":"0","Value":"800"},{"Name":"1","Value":"818"},{"Name":"2","Value":"824"},{"Name":"3","Value":"827"},{"Name":"4","Value":"830"},{"Name":"5","Value":"850"},{"Name":"6","Value":"875"},{"Name":"7","Value":"912"}],"Value":""},{"ID":4,"Name":"GPU_CLOCK_ABS","State":1,"SubSettings":[{"Name":"0","Value":"300"},{"Name":"1","Value":"608"},{"Name":"2","Value":"760"},{"Name":"3","Value":"850"},{"Name":"4","Value":"892"},{"Name":"5","Value":"966"},{"Name":"6","Value":"1000"},{"Name":"7","Value":"1050"}],"Value":""},{"ID":13,"Name":"VOLTAGE_MEMORYCLOCK_ABS","State":0,"SubSettings":[{"Name":"0","Value":"800"},{"Name":"1","Value":"1000"},{"Name":"2","Value":"0"},{"Name":"3","Value":"0"},{"Name":"4","Value":"0"},{"Name":"5","Value":"0"},{"Name":"6","Value":"0"},{"Name":"7","Value":"0"}],"Value":""},{"ID":5,"Name":"MEMORY_CLOCK_ABS","State":1,"SubSettings":[{"Name":"0","Value":"300"},{"Name":"1","Value":"1625"},{"Name":"2","Value":"0"},{"Name":"3","Value":"0"},{"Name":"4","Value":"0"},{"Name":"5","Value":"0"},{"Name":"6","Value":"0"},{"Name":"7","Value":"0"}],"Value":""},{"ID":17,"Name":"MEMORY_TIMING","State":0,"SubSettings":[{"Name":"0","Value":"0"}],"Value":""},{"ID":9,"Name":"FAN_SPEED_ABS","State":1,"SubSettings":[{"Name":"0","Value":"0"},{"Name":"1","Value":"0"},{"Name":"2","Value":"1175"}],"Value":""},{"ID":8,"Name":"GPU_TEMPERATURE_ABS","State":0,"SubSettings":[{"Name":"0","Value":"0"},{"Name":"1","Value":"0"},{"Name":"2","Value":"0"}],"Value":""},{"ID":18,"Name":"ZERO_RPM","State":0,"SubSettings":[{"Name":"0","Value":"0"}],"Value":""},{"ID":20,"Name":"AUTO_OC_ENGINE","State":0,"SubSettings":[{"Name":"0","Value":"0"}],"Value":""},{"ID":25,"Name":"ASIC_POWER_ABS","State":0,"SubSettings":[{"Name":"0","Value":"0"}],"Value":""},{"ID":22,"Name":"FAN_CURVE","State":0,"SubSettings":[{"Name":"0","Value":"30"},{"Name":"1","Value":"38"},{"Name":"2","Value":"50"},{"Name":"3","Value":"42"},{"Name":"4","Value":"63"},{"Name":"5","Value":"52"},{"Name":"6","Value":"76"},{"Name":"7","Value":"62"},{"Name":"8","Value":"85"},{"Name":"9","Value":"78"}],"Value":""},{"ID":1,"Name":"GPU_ACTIVILITY_PERCENTAGE","State":0,"SubSettings":[{"Name":"0","Value":"0"}],"Value":""}]}],"Дисплей":[{"ComponentID":48,"ComponentKey":"127934","Settings":[]},{"ComponentID":151,"ComponentKey":"127934","Settings":[{"Name":"Целочисленное масштабирование Radeon","Value":0}]},{"ComponentID":34,"ComponentKey":"127934","Settings":[{"Name":"Виртуальное сверхвысокое разрешение","Value":0}]},{"ComponentID":38,"ComponentKey":"127934","Settings":[{"ID":9,"Name":"Масштабирование ГП","Value":1},{"ID":11,"Name":"Режим масштабирования","Value":0}]},{"ComponentID":78,"ComponentKey":"127934","Settings":[{"ID":8,"Name":"Поддержка HDCP","Value":1}]},{"ComponentID":50,"ComponentKey":"127934","Settings":[{"ID":3,"Name":"Обеспечение соединения HDMI","Value":1},{"ID":1,"Name":"Формат пикселей","Value":"YCbCr 4:4:4 Pixel Format"},{"ID":0,"Name":"Глубина цветопередачи","Value":"8 bpc"}]},{"ComponentID":64,"ComponentKey":"127934","Settings":[{"ID":0,"Name":"Оттенок","Value":0},{"ID":1,"Name":"Насыщенность","Value":100},{"ID":2,"Name":"Яркость","Value":0},{"ID":3,"Name":"Контрастность","Value":100},{"ID":4,"Name":"Цветовая температура","State":0,"Value":6500}]}],"Настройки ReLive":[{"ComponentID":63,"ComponentKey":"0090045EC5DC","Settings":[]},{"ComponentID":51,"ComponentKey":"0090045EC5DC","Settings":[{"ID":0,"Name":"Переключение ReLive","State":1,"Value":""},{"ID":1,"Name":"Место сохранения мультимедиа","Value":"D:\\Video\\Видео\\Radeon ReLive"},{"ID":5,"Name":"Мгновенный GIF","State":0,"Value":""},{"ID":6,"Name":"Длительность мгновенного изображения GIF","Value":15},{"ID":7,"Name":"Качество мгновенного изображения GIF","Value":"Medium"},{"ID":8,"Name":"Повторный показ в игре","State":0,"Value":""},{"ID":9,"Name":"Длительность повторного показа в игре","Value":15},{"ID":13,"Name":"Расположение повтора в игре","Value":"40,40"},{"ID":12,"Name":"Расположение повторного показа в игре","Value":"Centered"},{"ID":11,"Name":"Размеры повтора в игре","Value":"1280,720"},{"ID":10,"Name":"Размер повторного показа в игре","Value":"Medium"},{"ID":2,"Name":"Повторный показ","State":0,"Value":""},{"ID":3,"Name":"Длительность мгновенного повтора","Value":60},{"ID":4,"Name":"Буфер для мгновенного повторного показа","State":0,"Value":""},{"ID":14,"Name":"Профиль трансляции","Value":"High"},{"ID":15,"Name":"Разрешение трансляции","Value":"720"},{"ID":16,"Name":"Скорость потока видео","Value":3500},{"ID":17,"Name":"Кадровая частота трансляции","Value":60},{"ID":18,"Name":"Скорость потока аудио","Value":128},{"ID":19,"Name":"Добавить трансляцию в архив","State":0,"Value":""},{"ID":20,"Name":"Записать видео с рабочего стола","State":1,"Value":""},{"ID":21,"Name":"Показать индикатор","State":1,"Value":""},{"ID":22,"Name":"Захват области экрана без полей","State":1,"Value":""},{"ID":23,"Name":"Записать звук с микрофона","State":0,"Value":""},{"ID":24,"Name":"Уровень громкости микрофона","Value":50},{"ID":25,"Name":"Режим рации","State":0,"Value":""},{"ID":26,"Name":"Увеличение громкости звука","Value":100},{"ID":27,"Name":"Профиль записи","Value":"Custom"},{"ID":28,"Name":"Разрешение записи","Value":"InGame"},{"ID":29,"Name":"Скорость записи видеопотока","Value":5000},{"ID":30,"Name":"Кадровая частота записи","Value":30},{"ID":31,"Name":"Скорость записи аудиопотока","Value":192},{"ID":32,"Name":"Тип кодирования видео","Value":"AVC"},{"ID":33,"Name":"Аудиоканалы","Value":0},{"ID":34,"Name":"Отдельная микрофонная дорожка","State":0,"Value":""}]}],"Настройки видео":[{"ComponentID":6,"ComponentKey":"67DFE7C5801682E7015.050.002.001","Settings":[{"ID":2,"Name":"Красочность цветов видео","Value":0},{"ID":3,"Name":"Резкость видео","Value":0},{"ID":4,"Name":"Пользовательская яркость","Value":0},{"ID":5,"Name":"AMD Steady Video","State":0,"Value":""},{"ID":6,"Name":"AMD Fluid Motion Video","State":0,"Value":""},{"ID":7,"Name":"Режим демонстрации","State":0,"Value":""},{"ID":1,"Name":"Видеопрофиль","Value":0}]}],"Настройки параметров":[{"ComponentID":61,"ComponentKey":"0090045EC5DC","Settings":[{"ID":2,"Name":"Меню панели задач","State":1,"Value":""},{"ID":0,"Name":"Внутриигровой оверлей","State":1,"Value":""},{"ID":1,"Name":"Советник по обновлению","State":1,"Value":""},{"ID":4,"Name":"Реклама","State":1,"Value":""},{"ID":8,"Name":"Всплывающие уведомления","State":1,"Value":""},{"ID":6,"Name":"Всегда поверх других окон","State":0,"Value":""},{"ID":5,"Name":"Язык","State":16,"Value":""},{"ID":7,"Name":"Положение боковой панели","State":0,"Value":""},{"ID":10,"Name":"Анимация и эффекты","State":1,"Value":""}]}],"Настройки производительности":[{"ComponentID":106,"ComponentKey":"0090045EC5DC","Settings":[{"ID":3,"Name":"Расположение журнала производительности","Value":"C:\\Users\\Sergey\\AppData\\Local\\AMD\\CN"},{"ID":4,"Name":"Интервал выборки","Value":200},{"ID":8,"Name":"Кадр./с","Value":1},{"ID":17,"Name":"ИСП. ЦП","Value":1},{"ID":18,"Name":"ИСП. ОЗУ","Value":1},{"ID":5,"Name":"Скрыть оверлей показателей во время записи в журнал","Value":1},{"ID":6,"Name":"Отобразить в выводе видео/трансляции","Value":0},{"ID":1,"Name":"Отобразить оверлей показателей","State":0,"Value":""},{"ID":20,"Name":"Расположение","Value":1},{"ID":22,"Name":"Позиция","Value":"40,40"},{"ID":21,"Name":"Прозрачность","Value":70},{"ID":24,"Name":"Размер","Value":2},{"ID":25,"Name":"Столбцы","Value":1},{"ID":26,"Name":"Цвет текста","Value":0},{"ID":27,"Name":"Пользовательский цвет текста","Value":"#F8FFFF"}]},{"ComponentID":106,"ComponentKey":"67DFE7C5801682E7015.050.002.001","Settings":[{"ID":9,"Name":"ИСП. ГП","Value":1},{"ID":10,"Name":"Последовательный тактовый сигнал ГП","Value":1},{"ID":11,"Name":"Задающая тактовая частота ГП","Value":1},{"ID":12,"Name":"ТЕМП. ГП","Value":1},{"ID":14,"Name":"МОЩН. ГП","Value":1},{"ID":15,"Name":"ВЕНТИЛЯТОР ГП","Value":1},{"ID":16,"Name":"ВИДЕОПАМЯТЬ ГП","Value":1}]}],"Настройки профиля мастера":[{"ComponentID":159,"ComponentKey":"0090045EC5DC","Settings":[]}],"Настройки сочетаний клавиш":[{"ComponentID":109,"ComponentKey":"0090045EC5DC","Settings":[{"ID":0,"Name":"Переключение трансляции","Value":"Ctrl+Shift,G"},{"ID":1,"Name":"Переключение трансляции области экрана","Value":"None"},{"ID":2,"Name":"Открыть боковую панель","Value":"Alt,Z"},{"ID":3,"Name":"Переключение записи","Value":"Ctrl+Shift,E"},{"ID":4,"Name":"Сохранение мгновенного повтора","Value":"Ctrl+Shift,S"},{"ID":5,"Name":"Сделать снимок экрана","Value":"Ctrl+Shift,I"},{"ID":6,"Name":"Переключение микрофона","Value":"Ctrl+Shift,M"},{"ID":7,"Name":"Переключение камеры","Value":"Ctrl+Shift,C"},{"ID":8,"Name":"Переключение записи области экрана","Value":"Ctrl+Shift,D"},{"ID":9,"Name":"Сохранение мгновенного изображения GIF","Value":"Ctrl+Shift,J"},{"ID":10,"Name":"Сохранение повтора в игре","Value":"Ctrl+Shift,U"},{"ID":11,"Name":"Режим рации","Value":"MOUSE_MIDDLE"},{"ID":12,"Name":"Открыть в полноэкранном режиме","Value":"Alt,R"},{"ID":13,"Name":"Переключение записи журнала производительности","Value":"Ctrl+Shift,L"},{"ID":14,"Name":"Переключение оверлея производительности","Value":"Ctrl+Shift,O"},{"ID":15,"Name":"Переключение Radeon™ Chill","Value":"122"},{"ID":16,"Name":"Переключение Radeon™ Anti-Lag","Value":"4684"},{"ID":17,"Name":"Переключение Radeon™ Boost","Value":"4683"},{"ID":18,"Name":"Переход к сцене 1","Value":"None"}]}],"Настройки сцены":[{"ComponentID":154,"ComponentKey":"0090045EC5DC","Priority":0,"Settings":[{"ID":0,"Name":"Имя сцены","Value":"Scene 1"},{"ID":1,"Name":"Прямоуг. сцены","Value":"1920,1080"},{"ID":2,"Name":"Индикатор","SubSettings":[{"Name":"IndicatorPosition","Value":"0"},{"Name":"IndicatorTimer","Value":"1"}],"Value":""},{"ID":3,"Name":"Камера","SubSettings":[{"Name":"CameraEnable","Value":"1"},{"Name":"CameraSize","Value":"3"},{"Name":"CameraChromaEnable","Value":"0"},{"Name":"CameraChromaStrength","Value":"0"},{"Name":"CameraChromaKeyColor","Value":"00FF00"},{"Name":"CameraOpacity","Value":"100"},{"Name":"CameraOnScreen","Value":"1"},{"Name":"CameraRect","Value":"320,240"},{"Name":"CameraPosition","Value":"40,40"},{"Name":"CameraAnchor","Value":"3"},{"Name":"CameraChromaColor","Value":"3"}],"Value":""},{"ID":4,"Name":"Наложение чата","SubSettings":[{"Name":"ChatEnabled","Value":"0"},{"Name":"ChatSize","Value":"300,300"},{"Name":"ChatPosition","Value":"50,50"},{"Name":"ChatFont","Value":"1"}],"Value":""}]}],"Системные параметры":[{"ComponentID":17,"ComponentKey":"0090045EC5DC","Settings":[{"ID":0,"Name":"Обнаружение проблем","State":1,"Value":""}]}]}